ADM2_EN,ADM3_EN,Status,population1991,population2001,population2011,population2022
Barguna,Amtali,Subdistrict,174422,176549,182798,214446
Barguna,Bamna,Subdistrict,65965,69803,79564,78942
Barguna,Barguna Sadar,Subdistrict,219729,237613,261343,294375
Barguna,Betagi,Subdistrict,110926,119356,117145,125472
Barguna,Patharghata,Subdistrict,134635,162025,163927,177893
Barisal,Agailjhara,Subdistrict,147343,155661,149456,156423
Barisal,Babuganj,Subdistrict,135905,146740,140361,154558
Barisal,Bakerganj,Subdistrict,336706,353909,313845,356022
Barisal,Banari Para,Subdistrict,148483,148188,148467,163893
Barisal,Barisal Sadar (Kotwali),Subdistrict,174330,186111,198739,237211
Barisal,Gaurnadi,Subdistrict,171602,180219,188586,205878
Barisal,Hizla,Subdistrict,166265,174508,146077,150669
Barisal,Mehendiganj,Subdistrict,292436,304364,301046,283890
Barisal,Muladi,Subdistrict,171948,183283,174775,181929
Barisal,Wazirpur,Subdistrict,227115,241374,234959,254506
Bhola,Bhola Sadar,Subdistrict,351674,408094,430520,444838
Bhola,Burhanuddin,Subdistrict,208478,244137,233860,265437
Bhola,Char Fasson,Subdistrict,342038,413593,456437,518817
Bhola,Daulatkhan,Subdistrict,153458,173253,168567,181813
Bhola,Lalmohan,Subdistrict,252497,276547,283889,297692
Bhola,Manpura,Subdistrict,51361,67304,76582,89745
Bhola,Tazumuddin,Subdistrict,116822,120189,126940,134176
Jhalokati,Jhalokati Sadar,Subdistrict,201162,206948,216348,228041
Jhalokati,Kanthalia,Subdistrict,123298,130364,124271,111663
Jhalokati,Nalchity,Subdistrict,203556,193556,190043,185550
Jhalokati,Rajapur,Subdistrict,143659,149332,148494,144681
Patuakhali,Bauphal,Subdistrict,288825,304959,304284,327498
Patuakhali,Dashmina,Subdistrict,106539,117037,123388,130402
Patuakhali,Dumki,Subdistrict,50017,70705,70655,81839
Patuakhali,Galachipa,Subdistrict,211448,238416,258515,300218
Patuakhali,Kala Para,Subdistrict,174931,202078,237831,263404
Patuakhali,Mirzaganj,Subdistrict,110763,118054,121716,127111
Patuakhali,Patuakhali Sadar,Subdistrict,256500,322713,316462,354816
Pirojpur,Bhandaria,Subdistrict,145233,155256,148159,163654
Pirojpur,Kawkhali,Subdistrict,70347,74134,70130,70786
Pirojpur,Kawkhali,Subdistrict,42409,48240,59578,66313
Pirojpur,Mathbaria,Subdistrict,253915,263527,262841,277627
Pirojpur,Nazirpur,Subdistrict,166014,178820,180408,187991
Pirojpur,Nesarabad (Swarupkati),Subdistrict,202520,212232,211032,230976
Pirojpur,Pirojpur Sadar,Subdistrict,153958,155194,163470,181707
Pirojpur,Zianagar,Subdistrict,0,77152,71908,75348
Bandarban,Alikadam,Subdistrict,24782,35264,49317,63800
Bandarban,Bandarban Sadar,Subdistrict,49711,68693,88282,111096
Bandarban,Lama,Subdistrict,64717,78488,108995,139689
Bandarban,Naikhongchhari,Subdistrict,38350,49465,61788,76477
Bandarban,Rowangchhari,Subdistrict,17904,22629,27264,27721
Bandarban,Ruma,Subdistrict,19001,26589,29098,32533
Bandarban,Thanchi,Subdistrict,16104,16992,23591,29790
Brahamanbaria,Akhaura,Subdistrict,112982,130319,145215,168472
Brahamanbaria,Ashuganj,Subdistrict,124556,145828,180654,210356
Brahamanbaria,Banchharampur,Subdistrict,238518,267888,298436,332676
Brahamanbaria,Bijoynagar,Subdistrict,195680,215993,257247,290431
Brahamanbaria,Brahmanbaria Sadar,Subdistrict,345868,409491,521994,677243
Brahamanbaria,Kasba,Subdistrict,243833,271231,319221,357961
Brahamanbaria,Nabinagar,Subdistrict,393959,420383,493518,555839
Brahamanbaria,Nasirnagar,Subdistrict,234090,255668,309011,346774
Brahamanbaria,Sarail,Subdistrict,232406,271101,315208,364369
Chandpur,Chandpur Sadar,Subdistrict,396872,436680,465919,534599
Chandpur,Faridganj,Subdistrict,348281,374760,396683,433248
Chandpur,Haim Char,Subdistrict,113306,111029,106303,113116
Chandpur,Hajiganj,Subdistrict,254057,291823,330477,360367
Chandpur,Kachua,Subdistrict,93249,100093,97011,107423
Chandpur,Kachua,Subdistrict,293683,331360,382139,405497
Chandpur,Matlab Dakshin,Subdistrict,183103,207611,210050,226721
Chandpur,Matlab Uttar,Subdistrict,262504,299935,292057,295821
Chandpur,Shahrasti,Subdistrict,180643,203952,229118,254662
Chittagong,Anowara,Subdistrict,219446,239596,259022,319482
Chittagong,Bakalia,Subdistrict,164743,196446,238510,277661
Chittagong,Banshkhali,Subdistrict,320339,391320,431162,537593
Chittagong,Bayejid Bostami,Subdistrict,0,185430,211673,323165
Chittagong,Boalkhali,Subdistrict,195607,235483,223125,258688
Chittagong,Chandanaish,Subdistrict,172843,192600,233017,252242
Chittagong,Chandgaon,Subdistrict,155750,218833,255579,342731
Chittagong,Chittagong Port,Subdistrict,201839,206236,207316,236541
Chittagong,Double Mooring,Subdistrict,204458,257595,365656,403674
Chittagong,Fatikchhari,Subdistrict,388013,441863,526003,642089
Chittagong,Halishahar,None,0,0,0,0
Chittagong,Hathazari,Subdistrict,294515,403788,431748,498182
Chittagong,Khulshi,Subdistrict,151192,228873,289384,347381
Chittagong,Kotwali,Subdistrict,414834,355934,319974,263425
Chittagong,Lohagara,Subdistrict,203453,266741,279913,328220
Chittagong,Lohagara,Subdistrict,208248,221000,228594,248437
Chittagong,Mirsharai,Subdistrict,325712,368950,398716,472794
Chittagong,Pahartali,Subdistrict,197341,157481,198894,246819
Chittagong,Panchlaish,Subdistrict,159381,193357,219132,303269
Chittagong,Patenga,None,0,0,0,0
Chittagong,Patiya,Subdistrict,298193,346545,366010,397679
Chittagong,Rangunia,Subdistrict,263217,298370,339004,392904
Chittagong,Raozan,Subdistrict,274344,325389,322840,396358
Chittagong,Sandwip,Subdistrict,272179,292773,278605,327564
Chittagong,Satkania,Subdistrict,299762,338563,384806,454062
Chittagong,Sitakunda,Subdistrict,274903,335178,387832,457396
Comilla,Barura,Subdistrict,311592,367061,405118,441858
Comilla,Brahman Para,Subdistrict,169907,208460,237363,259043
Comilla,Burichang,Subdistrict,228479,267778,301825,363286
Comilla,Chandina,Subdistrict,269876,303563,340364,380478
Comilla,Chauddagram,Subdistrict,332627,403767,443648,530978
Comilla,Comilla Adarsha Sadar,Subdistrict,0,0,534536,621757
Comilla,Comilla Sadar Dakshin,Subdistrict,0,0,427718,501881
Comilla,Daudkandi,Subdistrict,458503,531012,361844,381659
Comilla,Debidwar,Subdistrict,336775,433141,428293,443944
Comilla,Homna,Subdistrict,179503,211563,206568,209796
Comilla,Laksam,Subdistrict,453243,513119,298906,327613
Comilla,Manoharganj,Subdistrict,0,0,244813,277320
Comilla,Meghna,Subdistrict,0,96970,112536,123027
Comilla,Muradnagar,Subdistrict,417204,468668,523066,571431
Comilla,Nangalkot,Subdistrict,275985,319267,373987,415226
Comilla,Titas,Subdistrict,0,0,184616,208359
Cox's Bazar,Chakaria,Subdistrict,298329,370135,474465,571280
Cox's Bazar,Cox's Bazar Sadar,Subdistrict,182040,245764,338760,417365
Cox's Bazar,Kutubdia,Subdistrict,95055,107221,125279,143622
Cox's Bazar,Maheshkhali,Subdistrict,219520,256546,321218,385510
Cox's Bazar,Pekua,Subdistrict,111017,133255,171538,214357
Cox's Bazar,Ramu,Subdistrict,167480,202683,266640,344545
Cox's Bazar,Teknaf,Subdistrict,152557,200607,264389,333865
Cox's Bazar,Ukhia,Subdistrict,121514,155187,207379,263158
Feni,Chhagalnaiya,Subdistrict,154116,170524,187156,208232
Feni,Daganbhuiyan,Subdistrict,204975,225464,254402,276915
Feni,Feni Sadar,Subdistrict,345801,404498,512646,634321
Feni,Fulgazi,Subdistrict,96274,110291,119558,125444
Feni,Parshuram,Subdistrict,80457,94378,101062,113317
Feni,Sonagazi,Subdistrict,215122,235229,262547,290667
Khagrachhari,Dighinala,Subdistrict,50933,92743,103392,115440
Khagrachhari,Khagrachhari Sadar,Subdistrict,61306,92380,111833,136141
Khagrachhari,Lakshmichhari,Subdistrict,16676,21745,25994,27148
Khagrachhari,Mahalchhari,Subdistrict,28721,37436,42427,49077
Khagrachhari,Manikchhari,Subdistrict,38479,50061,61589,77027
Khagrachhari,Matiranga,Subdistrict,61270,90440,111538,126609
Khagrachhari,Panchhari,Subdistrict,26319,64510,62198,68678
Khagrachhari,Ramgarh,Subdistrict,30985,39438,50744,60741
Lakshmipur,Kamalnagar,Subdistrict,150196,164201,222915,217293
Lakshmipur,Lakshmipur Sadar,Subdistrict,525188,575278,684425,814847
Lakshmipur,Ramganj,Subdistrict,238333,284304,285686,313225
Lakshmipur,Ramgati,Subdistrict,185047,229153,261002,278924
Lakshmipur,Roypur,Subdistrict,236965,275171,285468,328639
Noakhali,Begumganj,Subdistrict,417674,476324,549308,611106
Noakhali,Chatkhil,Subdistrict,194185,215391,233253,258794
Noakhali,Companiganj,Subdistrict,183351,214652,250579,301310
Noakhali,Companiganj,Subdistrict,85169,113784,174029,192350
Noakhali,Hatiya,Subdistrict,295501,341176,452463,537366
Noakhali,Kabirhat,Subdistrict,147598,167270,196944,238736
Noakhali,Noakhali Sadar (Sudharam),Subdistrict,351100,407449,525934,642494
Noakhali,Senbagh,Subdistrict,216309,272133,282894,310884
Noakhali,Sonaimuri,Subdistrict,258494,290846,327194,368842
Noakhali,Subarnachar,Subdistrict,152922,192003,289514,355910
Rangamati,Baghai Chhari,Subdistrict,55270,76021,96899,106373
Rangamati,Barkal,Subdistrict,28839,39781,47523,49708
Rangamati,Belai Chhari,Subdistrict,17663,21570,28525,32543
Rangamati,Jurai Chhari,Subdistrict,12238,18367,27786,28871
Rangamati,Kaptai,Subdistrict,60185,66135,59693,55410
Rangamati,Kawkhali (Betbunia),Subdistrict,70347,74134,70130,70786
Rangamati,Kawkhali (Betbunia),Subdistrict,42409,48240,59578,66313
Rangamati,Langadu,Subdistrict,54490,68014,81548,90408
Rangamati,Naniarchar,Subdistrict,34561,39190,43616,48523
Rangamati,Rajasthali,Subdistrict,17198,22611,26083,27864
Rangamati,Rangamati Sadar,Subdistrict,76732,99261,124728,146601
Dhaka,Adabor,Subdistrict,0,0,203097,224943
Dhaka,Badda,Subdistrict,0,377208,536654,794291
Dhaka,Bangshal,Subdistrict,259572,235935,186903,156047
Dhaka,Biman Bandar,Subdistrict,0,0,10750,13091
Dhaka,Cantonment,Subdistrict,107951,113853,134845,190670
Dhaka,Chak Bazar,Subdistrict,201883,167466,184528,156099
Dhaka,Dakshinkhan,Subdistrict,0,0,530516,610341
Dhaka,Darus Salam,Subdistrict,0,0,455255,431079
Dhaka,Demra,Subdistrict,521160,741691,1300118,1566203
Dhaka,Dhamrai,Subdistrict,312777,350168,412418,517135
Dhaka,Dhanmondi,Subdistrict,206474,233121,201529,171902
Dhaka,Dohar,Subdistrict,175842,191423,226439,250114
Dhaka,Gendaria,None,0,0,0,0
Dhaka,Gulshan,Subdistrict,155541,281337,253050,206355
Dhaka,Hazaribagh,Subdistrict,125568,159186,187601,204453
Dhaka,Jatrabari,Subdistrict,265007,326938,443601,491153
Dhaka,Kadamtali,Subdistrict,0,0,592932,705531
Dhaka,Kafrul,Subdistrict,0,299694,442912,443762
Dhaka,Kalabagan,None,0,0,0,0
Dhaka,Kamrangir Char,Subdistrict,0,212857,400055,433010
Dhaka,Keraniganj,Subdistrict,530174,603114,794360,1011063
Dhaka,Khilgaon,Subdistrict,230064,405532,592488,656922
Dhaka,Khilkhet,Subdistrict,0,67253,130053,201363
Dhaka,Kotwali,None,0,0,0,0
Dhaka,Lalbagh,Subdistrict,355972,366163,401393,369933
Dhaka,Mirpur,Subdistrict,266046,285089,330115,363106
Dhaka,Mohammadpur,Subdistrict,160340,188753,207905,242808
Dhaka,Motijheel,Subdistrict,360578,223676,210006,182374
Dhaka,Nawabganj,Subdistrict,269189,296605,318811,348807
Dhaka,Nawabganj,Subdistrict,170301,204351,229337,254036
Dhaka,New Market,None,0,0,0,0
Dhaka,Pallabi,Subdistrict,0,364962,595548,659336
Dhaka,Paltan,Subdistrict,0,0,59639,41647
Dhaka,Ramna,Subdistrict,201385,195167,201135,169333
Dhaka,Rampura,Subdistrict,0,164159,224153,200601
Dhaka,Sabujbagh,Subdistrict,268695,364047,415867,376421
Dhaka,Savar,Subdistrict,378034,587041,1385910,2311796
Dhaka,Shah Ali,Subdistrict,0,0,129088,115221
Dhaka,Shahbagh,Subdistrict,0,94834,79253,55590
Dhaka,Sher-e-bangla Nagar,None,0,0,0,0
Dhaka,Shyampur,Subdistrict,152192,251357,196569,221688
Dhaka,Sutrapur,Subdistrict,404204,307483,211210,187034
Dhaka,Tejgaon,Subdistrict,501452,340011,226676,123594
Dhaka,Tejgaon Ind. Area,Subdistrict,0,0,134257,118944
Dhaka,Turag,Subdistrict,0,0,157315,376403
Dhaka,Uttar Khan,Subdistrict,0,0,338881,597977
Dhaka,Uttara,None,0,0,0,0
Faridpur,Alfadanga,Subdistrict,90873,100598,108302,119631
Faridpur,Bhanga,Subdistrict,214702,232386,259032,293857
Faridpur,Boalmari,Subdistrict,190159,233683,256658,268150
Faridpur,Char Bhadrasan,Subdistrict,57696,61572,69879,74685
Faridpur,Faridpur Sadar,Subdistrict,335386,413485,469410,567657
Faridpur,Madhukhali,Subdistrict,165438,187775,204492,231997
Faridpur,Nagarkanda,Subdistrict,146965,177710,197898,222938
Faridpur,Sadarpur,Subdistrict,172059,188757,186254,201511
Faridpur,Saltha,Subdistrict,120228,145710,167446,186215
Gazipur,Gazipur Sadar,Subdistrict,89029,107179,228321,345801
Gazipur,Kaliakair,Subdistrict,232915,267003,483308,694608
Gazipur,Kaliganj,Subdistrict,175915,239527,265276,310956
Gazipur,Kaliganj,Subdistrict,219126,252443,282366,308504
Gazipur,Kaliganj,Subdistrict,187494,216868,245595,277024
Gazipur,Kaliganj,Subdistrict,225596,256384,274889,305495
Gazipur,Kapasia,Subdistrict,303710,321454,342162,379107
Gazipur,Sreepur,Subdistrict,320530,337367,492792,855263
Gazipur,Sreepur,Subdistrict,144471,156401,166749,184245
Gopalganj,Gopalganj Sadar,Subdistrict,291409,321934,344008,401160
Gopalganj,Kashiani,Subdistrict,205596,228647,207615,228161
Gopalganj,Kotali Para,Subdistrict,206195,227185,230493,234354
Gopalganj,Muksudpur,Subdistrict,269489,288205,289406,307528
Gopalganj,Tungi Para,Subdistrict,94263,100933,101189,108799
Kishoreganj,Austagram,Subdistrict,132303,145552,152523,151238
Kishoreganj,Bajitpur,Subdistrict,197081,210375,248730,269756
Kishoreganj,Bhairab,Subdistrict,192448,247166,298309,362681
Kishoreganj,Hossainpur,Subdistrict,148028,161979,183884,201897
Kishoreganj,Itna,Subdistrict,132948,151157,164127,168840
Kishoreganj,Karimganj,Subdistrict,237155,258266,287807,328288
Kishoreganj,Katiadi,Subdistrict,264501,282297,314529,351466
Kishoreganj,Kishoreganj Sadar,Subdistrict,300337,348382,414208,506873
Kishoreganj,Kuliar Char,Subdistrict,133327,151327,182236,214942
Kishoreganj,Mithamain,Subdistrict,108204,122200,122026,125157
Kishoreganj,Nikli,Subdistrict,110912,120105,133729,145887
Kishoreganj,Pakundia,Subdistrict,210355,237218,250060,282981
Kishoreganj,Tarail,Subdistrict,138488,153665,159739,170085
Madaripur,Kalkini,Subdistrict,183286,200332,201764,218330
Madaripur,Madaripur Sadar,Subdistrict,307822,332020,345764,396772
Madaripur,Rajoir,Subdistrict,204356,218095,228710,245316
Madaripur,Shib Char,Subdistrict,296897,318349,306009,334107
Manikganj,Daulatpur,Subdistrict,360706,443655,456372,482981
Manikganj,Daulatpur,Subdistrict,138606,155674,167026,167425
Manikganj,Ghior,Subdistrict,127521,138479,146292,162509
Manikganj,Harirampur,Subdistrict,156326,171274,139318,155469
Manikganj,Manikganj Sadar,Subdistrict,237771,261662,309413,363829
Manikganj,Saturia,Subdistrict,140215,155137,171494,193206
Manikganj,Shibalaya,Subdistrict,143842,154239,171873,187462
Manikganj,Singair,Subdistrict,231628,248615,287451,328125
Munshiganj,Gazaria,Subdistrict,128368,138108,157988,185259
Munshiganj,Lohajang,Subdistrict,153433,167743,159242,177802
Munshiganj,Munshiganj Sadar,Subdistrict,294823,327015,383263,436018
Munshiganj,Serajdikhan,Subdistrict,217390,238598,269737,334168
Munshiganj,Sreenagar,Subdistrict,205797,228771,259887,293905
Munshiganj,Tongibari,Subdistrict,176881,190531,197173,215959
Narayanganj,Araihazar,Subdistrict,299855,331566,376550,467547
Narayanganj,Bandar,Subdistrict,138157,121659,146550,204786
Narayanganj,Narayanganj Sadar,Subdistrict,277303,463264,780510,1012144
Narayanganj,Rupganj,Subdistrict,375935,403629,534868,704869
Narayanganj,Sonargaon,Subdistrict,261881,305562,400358,551841
Narsingdi,Belabo,Subdistrict,145708,164038,190086,213602
Narsingdi,Manohardi,Subdistrict,230028,244540,275112,298609
Narsingdi,Narsingdi Sadar,Subdistrict,451335,578563,707525,852330
Narsingdi,Palash,Subdistrict,174040,189120,212612,249156
Narsingdi,Roypura,Subdistrict,404761,451695,535796,559376
Narsingdi,Shibpur,Subdistrict,237246,265177,303813,360153
Rajbari,Balia Kandi,Subdistrict,169333,186220,195087,208665
Rajbari,Goalandaghat,Subdistrict,91676,105821,112615,124776
Rajbari,Kalukhali,Subdistrict,120623,135458,155044,172347
Rajbari,Pangsha,Subdistrict,196129,217203,243285,274110
Rajbari,Rajbari Sadar,Subdistrict,263555,295370,331631,384534
Shariatpur,Bhedarganj,Subdistrict,207258,237769,253234,278306
Shariatpur,Damudya,Subdistrict,95659,108502,109003,123639
Shariatpur,Gosairhat,Subdistrict,115882,124014,157665,175016
Shariatpur,Naria,Subdistrict,214944,225536,231644,260240
Shariatpur,Shariatpur Sadar,Subdistrict,161962,199016,210259,239590
Shariatpur,Zanjira,Subdistrict,155593,178258,194557,211217
Tangail,Basail,Subdistrict,148555,160346,159870,188936
Tangail,Bhuapur,Subdistrict,177095,190910,189913,217327
Tangail,Delduar,Subdistrict,175684,188449,207278,218745
Tangail,Dhanbari,Subdistrict,152996,163005,176068,189129
Tangail,Ghatail,Subdistrict,341376,371952,417939,448742
Tangail,Gopalpur,Subdistrict,252747,274273,252331,270333
Tangail,Kalihati,Subdistrict,354959,376407,410293,449477
Tangail,Madhupur,Subdistrict,222299,259884,296729,337393
Tangail,Mirzapur,Subdistrict,337496,366609,407781,474658
Tangail,Nagarpur,Subdistrict,238422,258431,288092,319296
Tangail,Sakhipur,Subdistrict,220281,241665,277685,322345
Tangail,Tangail Sadar,Subdistrict,380518,438765,521104,601227
Bagerhat,Bagerhat Sadar,Subdistrict,235848,257273,266389,288673
Bagerhat,Chitalmari,Subdistrict,127524,139862,138810,153033
Bagerhat,Fakirhat,Subdistrict,123956,134418,137789,159019
Bagerhat,Kachua,Subdistrict,93249,100093,97011,107423
Bagerhat,Kachua,Subdistrict,293683,331360,382139,405497
Bagerhat,Mollahat,Subdistrict,116729,126218,130878,144615
Bagerhat,Mongla,Subdistrict,137947,149030,136588,158470
Bagerhat,Morrelganj,Subdistrict,321153,349551,294576,304865
Bagerhat,Rampal,Subdistrict,167070,178503,154965,176058
Bagerhat,Sarankhola,Subdistrict,154992,160531,119095,126145
Chuadanga,Alamdanga,Subdistrict,245524,308917,345922,368189
Chuadanga,Chuadanga Sadar,Subdistrict,223247,278726,313935,350528
Chuadanga,Damurhuda,Subdistrict,213291,255279,289577,317552
Chuadanga,Jiban Nagar,Subdistrict,125102,156233,179581,229915
Jessore,Abhaynagar,Subdistrict,204654,232162,262434,290143
Jessore,Bagher Para,Subdistrict,180666,200683,216897,241121
Jessore,Chaugachha,Subdistrict,181829,211065,231370,249280
Jessore,Jhikargachha,Subdistrict,233656,272316,298908,342795
Jessore,Keshabpur,Subdistrict,200229,226367,253291,280932
Jessore,Kotwali,Subdistrict,534482,643599,744818,968017
Jessore,Manirampur,Subdistrict,326093,382465,417421,454541
Jessore,Sharsha,Subdistrict,258789,309633,341328,387631
Jhenaidah,Harinakunda,Subdistrict,154342,177939,194547,220107
Jhenaidah,Jhenaidah Sadar,Subdistrict,333192,394152,455932,543906
Jhenaidah,Kaliganj,Subdistrict,175915,239527,265276,310956
Jhenaidah,Kaliganj,Subdistrict,219126,252443,282366,308504
Jhenaidah,Kaliganj,Subdistrict,187494,216868,245595,277024
Jhenaidah,Kaliganj,Subdistrict,225596,256384,274889,305495
Jhenaidah,Kotchandpur,Subdistrict,107193,132347,141121,156545
Jhenaidah,Maheshpur,Subdistrict,246350,296248,332514,371293
Jhenaidah,Shailkupa,Subdistrict,293341,331809,361648,406744
Khulna,Batiaghata,Subdistrict,128184,140574,171691,233041
Khulna,Dacope,Subdistrict,143131,157489,152316,159369
Khulna,Daulatpur,Subdistrict,360706,443655,456372,482981
Khulna,Daulatpur,Subdistrict,138606,155674,167026,167425
Khulna,Dighalia,Subdistrict,133767,163265,153987,167025
Khulna,Dumuria,Subdistrict,256503,279862,305675,343899
Khulna,Khalishpur,Subdistrict,161275,173256,154841,141802
Khulna,Khan Jahan Ali,Subdistrict,66359,81133,102745,135148
Khulna,Khulna Sadar,Subdistrict,224444,252560,224374,241123
Khulna,Koyra,Subdistrict,165473,192534,193931,220102
Khulna,Paikgachha,Subdistrict,225085,248112,247983,286209
Khulna,Phultala,Subdistrict,126424,148405,133374,148510
Khulna,Rupsa,Subdistrict,150185,167604,179519,206748
Khulna,Sonadanga,Subdistrict,141600,167737,168716,201304
Khulna,Terokhada,Subdistrict,102972,110628,116709,128925
Kushtia,Bheramara,Subdistrict,144221,175677,200084,225058
Kushtia,Daulatpur,Subdistrict,360706,443655,456372,482981
Kushtia,Daulatpur,Subdistrict,138606,155674,167026,167425
Kushtia,Khoksa,Subdistrict,93371,114188,129555,143832
Kushtia,Kumarkhali,Subdistrict,269008,297728,328457,373752
Kushtia,Kushtia Sadar,Subdistrict,368774,423818,502255,560963
Kushtia,Mirpur,Subdistrict,266046,285089,330115,363106
Magura,Magura Sadar,Subdistrict,286925,331494,380107,426396
Magura,Mohammadpur,Subdistrict,160340,188753,207905,242808
Magura,Shalikha,Subdistrict,132291,147663,163658,179666
Magura,Sreepur,Subdistrict,320530,337367,492792,855263
Magura,Sreepur,Subdistrict,144471,156401,166749,184245
Meherpur,Gangni,Subdistrict,229138,269085,299607,322701
Meherpur,Meherpur Sadar,Subdistrict,187324,232465,256642,276903
Meherpur,Mujib Nagar,Subdistrict,0,90094,99143,109247
Narail,Kalia,Subdistrict,196747,208024,220202,243166
Narail,Lohagara,Subdistrict,203453,266741,279913,328220
Narail,Lohagara,Subdistrict,208248,221000,228594,248437
Narail,Narail Sadar,Subdistrict,250725,269423,272872,297068
Satkhira,Assasuni,Subdistrict,220957,249244,268754,281758
Satkhira,Debhata,Subdistrict,99068,118944,125358,133014
Satkhira,Kalaroa,Subdistrict,190721,221596,237992,261270
Satkhira,Kaliganj,Subdistrict,175915,239527,265276,310956
Satkhira,Kaliganj,Subdistrict,219126,252443,282366,308504
Satkhira,Kaliganj,Subdistrict,187494,216868,245595,277024
Satkhira,Kaliganj,Subdistrict,225596,256384,274889,305495
Satkhira,Satkhira Sadar,Subdistrict,344444,410355,460892,522964
Satkhira,Shyamnagar,Subdistrict,265004,313781,318254,365970
Satkhira,Tala,Subdistrict,251388,294400,299820,326111
Jamalpur,Bakshiganj,Subdistrict,157403,178436,218930,239857
Jamalpur,Dewanganj,Subdistrict,193182,229307,258133,288166
Jamalpur,Islampur,Subdistrict,268352,289337,298429,319758
Jamalpur,Jamalpur Sadar,Subdistrict,501924,568726,615072,668243
Jamalpur,Madarganj,Subdistrict,201995,233049,263608,285999
Jamalpur,Melandaha,Subdistrict,262478,292347,313182,354521
Jamalpur,Sarishabari,Subdistrict,289106,316007,325320,343194
Mymensingh,Bhaluka,Subdistrict,264991,308758,430320,583981
Mymensingh,Dhobaura,Subdistrict,157027,172152,196284,217467
Mymensingh,Fulbaria,Subdistrict,345283,396019,448467,495917
Mymensingh,Gaffargaon,Subdistrict,379803,413488,430746,463253
Mymensingh,Gauripur,Subdistrict,247935,286056,324569,357517
Mymensingh,Haluaghat,Subdistrict,242339,269372,290043,316539
Mymensingh,Ishwarganj,Subdistrict,306977,338080,376348,404613
Mymensingh,Muktagachha,Subdistrict,321759,366397,415473,460389
Mymensingh,Mymensingh Sadar,Subdistrict,267631,306986,345519,421422
Mymensingh,Nandail,Subdistrict,328847,370850,402727,421279
Mymensingh,Phulpur,Subdistrict,237780,270398,303546,351001
Mymensingh,Trishal,Subdistrict,336797,372498,419308,491483
Netrakona,Atpara,Subdistrict,120491,132499,144624,144855
Netrakona,Barhatta,Subdistrict,142174,158133,180449,182211
Netrakona,Durgapur,Subdistrict,169135,198326,224873,242457
Netrakona,Durgapur,Subdistrict,137640,167596,185845,197713
Netrakona,Kalmakanda,Subdistrict,209360,234398,271912,271348
Netrakona,Kendua,Subdistrict,265628,286594,304729,316976
Netrakona,Khaliajuri,Subdistrict,75801,82322,97450,96345
Netrakona,Madan,Subdistrict,117613,142072,154479,149878
Netrakona,Mohanganj,Subdistrict,129415,143740,167507,166421
Netrakona,Netrokona Sadar,Subdistrict,256666,309034,373775,434682
Netrakona,Purbadhala,Subdistrict,235675,280372,310834,332398
Sherpur,Jhenaigati,Subdistrict,139732,155067,160452,178148
Sherpur,Nakla,Subdistrict,162952,179422,189685,208765
Sherpur,Nalitabari,Subdistrict,226332,252935,251361,271933
Sherpur,Sherpur Sadar,Subdistrict,381419,449798,497179,563865
Sherpur,Sreebardi,Subdistrict,228194,242320,259648,279142
Bogra,Adamdighi,Subdistrict,170326,187012,195186,206797
Bogra,Bogra Sadar,Subdistrict,376057,446263,555014,657790
Bogra,Dhunat,Subdistrict,246984,270810,292404,307521
Bogra,Dhupchanchia,Subdistrict,145537,159313,176678,183799
Bogra,Gabtali,Subdistrict,265926,290190,319588,344902
Bogra,Kahaloo,Subdistrict,183230,195565,222376,234585
Bogra,Nandigram,Subdistrict,147557,168155,180802,200294
Bogra,Sariakandi,Subdistrict,210039,240083,270719,276199
Bogra,Shajahanpur,Subdistrict,212726,247814,289804,333676
Bogra,Sherpur,Subdistrict,229005,286308,332825,383539
Bogra,Sherpur,District,1138629,1279542,1358325,1501853
Bogra,Shibganj,Subdistrict,312773,352415,378700,400456
Bogra,Shibganj,Subdistrict,422347,508092,591178,666877
Bogra,Sonatola,Subdistrict,143365,167766,182500,186778
Joypurhat,Akkelpur,Subdistrict,126046,128952,137619,144693
Joypurhat,Joypurhat Sadar,Subdistrict,194579,225271,256691,289058
Joypurhat,Kalai,Subdistrict,114183,129329,143197,146055
Joypurhat,Khetlal,Subdistrict,106146,115918,108326,110866
Joypurhat,Panchbibi,Subdistrict,193365,215806,235568,239612
Naogaon,Atrai,Subdistrict,166978,179799,193256,201459
Naogaon,Badalgachhi,Subdistrict,176010,186058,201342,206557
Naogaon,Dhamoirhat,Subdistrict,151875,169693,184778,194181
Naogaon,Mahadebpur,Subdistrict,232359,265763,292859,308666
Naogaon,Manda,Subdistrict,330995,352560,363858,380588
Naogaon,Naogaon Sadar,Subdistrict,327632,354570,405148,447903
Naogaon,Niamatpur,Subdistrict,193197,226614,248351,270452
Naogaon,Patnitala,Subdistrict,198164,209440,231900,250729
Naogaon,Porsha,Subdistrict,97279,121809,132095,147021
Naogaon,Raninagar,Subdistrict,158244,181196,184778,192226
Naogaon,Sapahar,Subdistrict,115320,143853,161792,184817
Natore,Bagati Para,Subdistrict,106944,123566,131164,133736
Natore,Baraigram,Subdistrict,230480,244821,279672,308923
Natore,Gurudaspur,Subdistrict,173276,194228,214788,234342
Natore,Lalpur,Subdistrict,216973,242645,274405,306357
Natore,Natore Sadar,Subdistrict,241933,277795,313118,352967
Natore,Singra,Subdistrict,289952,320818,364382,381316
Nawabganj,Bholahat,Subdistrict,70507,92149,103301,113314
Nawabganj,Gomastapur,Subdistrict,191972,240123,275823,304184
Nawabganj,Nachole,Subdistrict,97119,132308,146627,167678
Nawabganj,Nawabganj Sadar,Subdistrict,303551,389524,453585,530592
Nawabganj,Shibganj,Subdistrict,312773,352415,378700,400456
Nawabganj,Shibganj,Subdistrict,422347,508092,591178,666877
Pabna,Atgharia,Subdistrict,124454,136480,157254,178582
Pabna,Bera,Subdistrict,208897,231430,256793,301494
Pabna,Bhangura,Subdistrict,81624,99474,124433,136576
Pabna,Chatmohar,Subdistrict,227524,239973,291121,334240
Pabna,Faridpur,District,1505686,1756470,1912969,2162879
Pabna,Faridpur,Subdistrict,111464,123919,130335,140399
Pabna,Ishwardi,Subdistrict,236825,292938,313932,390402
Pabna,Pabna Sadar,Subdistrict,431513,476932,590914,711588
Pabna,Santhia,Subdistrict,283463,323932,380301,410767
Pabna,Sujanagar,Subdistrict,214132,251192,278096,305576
Rajshahi,Bagha,Subdistrict,153931,169527,184183,195888
Rajshahi,Baghmara,Subdistrict,282520,319968,354664,373970
Rajshahi,Boalia,Subdistrict,163337,215901,229193,258954
Rajshahi,Charghat,Subdistrict,163862,183921,206788,224845
Rajshahi,Durgapur,Subdistrict,169135,198326,224873,242457
Rajshahi,Durgapur,Subdistrict,137640,167596,185845,197713
Rajshahi,Godagari,Subdistrict,217811,279545,330924,376386
Rajshahi,Matihar,Subdistrict,0,51757,81811,112569
Rajshahi,Mohanpur,Subdistrict,126396,152896,170021,186904
Rajshahi,Paba,Subdistrict,213379,262251,314196,368889
Rajshahi,Puthia,Subdistrict,159405,188864,207490,224143
Rajshahi,Rajpara,Subdistrict,0,164361,231164,259964
Rajshahi,Shah Makhdum,None,0,0,0,0
Rajshahi,Tanore,Subdistrict,138015,173495,191330,212983
Sirajganj,Belkuchi,Subdistrict,245164,302678,352835,401172
Sirajganj,Chauhali,Subdistrict,108459,155260,160063,138061
Sirajganj,Kamarkhanda,Subdistrict,105997,127839,138645,154386
Sirajganj,Kazipur,Subdistrict,234804,266950,274679,281442
Sirajganj,Royganj,Subdistrict,225185,260344,318487,361048
Sirajganj,Shahjadpur,Subdistrict,420452,472505,561076,601633
Sirajganj,Sirajganj Sadar,Subdistrict,389160,484170,555155,631928
Sirajganj,Tarash,Subdistrict,135435,167647,197214,211853
Sirajganj,Ullah Para,Subdistrict,398775,447917,540156,645841
Dinajpur,Biral,Subdistrict,204420,231476,257925,281554
Dinajpur,Birampur,Subdistrict,134778,150620,170806,184144
Dinajpur,Birganj,Subdistrict,231305,269893,317253,356152
Dinajpur,Bochaganj,Subdistrict,135376,145295,160049,171718
Dinajpur,Chirirbandar,Subdistrict,232409,265176,292500,323880
Dinajpur,Dinajpur Sadar,Subdistrict,357888,424776,484597,549184
Dinajpur,Fulbari,Subdistrict,129435,157364,176023,200835
Dinajpur,Ghoraghat,Subdistrict,84279,103119,117740,131413
Dinajpur,Hakimpur,Subdistrict,66875,83028,92599,95972
Dinajpur,Kaharole,Subdistrict,118379,137315,154432,174564
Dinajpur,Khansama,Subdistrict,123782,150792,171764,197402
Dinajpur,Nawabganj,Subdistrict,269189,296605,318811,348807
Dinajpur,Nawabganj,Subdistrict,170301,204351,229337,254036
Dinajpur,Parbatipur,Subdistrict,270904,325070,365103,400648
Gaibandha,Fulchhari,Subdistrict,128845,137846,165309,179594
Gaibandha,Gaibandha Sadar,Subdistrict,359226,392311,437268,499196
Gaibandha,Gobindaganj,Subdistrict,414591,461428,514696,543144
Gaibandha,Palashbari,Subdistrict,210806,231755,244792,267438
Gaibandha,Sadullapur,Subdistrict,243012,266035,287426,313628
Gaibandha,Saghatta,Subdistrict,202326,234422,268634,300536
Gaibandha,Sundarganj,Subdistrict,360676,398588,461920,482537
Kurigram,Bhurungamari,Subdistrict,176822,197070,231538,255548
Kurigram,Char Rajibpur,Subdistrict,58049,63745,73373,78383
Kurigram,Chilmari,Subdistrict,100516,114350,122841,131715
Kurigram,Kurigram Sadar,Subdistrict,217311,259157,312408,361408
Kurigram,Nageshwari,Subdistrict,279775,322339,394258,444699
Kurigram,Phulbari,Subdistrict,129435,151939,176023,194569
Kurigram,Phulbari,Subdistrict,129668,140392,160250,186682
Kurigram,Rajarhat,Subdistrict,158648,169579,182981,203060
Kurigram,Raumari,Subdistrict,137040,165815,196417,227513
Kurigram,Ulipur,Subdistrict,345205,359626,395207,440152
Lalmonirhat,Aditmari,Subdistrict,176760,203742,224796,251229
Lalmonirhat,Hatibandha,Subdistrict,172417,206276,233927,264107
Lalmonirhat,Kaliganj,Subdistrict,175915,239527,265276,310956
Lalmonirhat,Kaliganj,Subdistrict,219126,252443,282366,308504
Lalmonirhat,Kaliganj,Subdistrict,187494,216868,245595,277024
Lalmonirhat,Kaliganj,Subdistrict,225596,256384,274889,305495
Lalmonirhat,Lalmonirhat Sadar,Subdistrict,260876,289272,333166,373470
Lalmonirhat,Patgram,Subdistrict,155913,193185,218615,262576
Nilphamari,Dimla,Subdistrict,187696,223975,283438,316846
Nilphamari,Domar,Subdistrict,175507,215699,249429,282630
Nilphamari,Jaldhaka,Subdistrict,233885,274736,340672,386801
Nilphamari,Kishoreganj,District,2306087,2594954,2911907,3267626
Nilphamari,Kishoreganj,Subdistrict,246201,253192,261069,269332
Nilphamari,Nilphamari Sadar,Subdistrict,306051,371879,435162,523966
Nilphamari,Saidpur,Subdistrict,199422,232209,264461,312993
Panchagarh,Atwari,Subdistrict,103906,114938,133650,141549
Panchagarh,Boda,Subdistrict,168258,200693,232124,275282
Panchagarh,Debiganj,Subdistrict,159902,185960,224709,267466
Panchagarh,Panchagarh Sadar,Subdistrict,193198,229237,271707,335366
Panchagarh,Tentulia,Subdistrict,86768,107794,125454,142357
Rangpur,Badarganj,Subdistrict,213431,257846,287746,314865
Rangpur,Gangachara,Subdistrict,169947,236107,271423,286730
Rangpur,Kaunia,Subdistrict,184997,214317,227805,239689
Rangpur,Mitha Pukur,Subdistrict,398518,454717,508071,562713
Rangpur,Pirgachha,Subdistrict,256573,295050,313319,326622
Rangpur,Pirganj,Subdistrict,303384,345593,385499,414845
Rangpur,Pirganj,Subdistrict,183292,215754,243535,265159
Rangpur,Rangpur Sadar,Subdistrict,137538,152800,176464,178675
Rangpur,Taraganj,Subdistrict,105393,119927,142512,160895
Thakurgaon,Baliadangi,Subdistrict,147163,169771,195049,208350
Thakurgaon,Haripur,Subdistrict,101658,128289,147947,159516
Thakurgaon,Pirganj,Subdistrict,303384,345593,385499,414845
Thakurgaon,Pirganj,Subdistrict,183292,215754,243535,265159
Thakurgaon,Ranisankail,Subdistrict,156107,196134,222284,244078
Thakurgaon,Thakurgaon Sadar,Subdistrict,422728,504428,581227,656792
Habiganj,Ajmiriganj,Subdistrict,86810,99294,114265,126324
Habiganj,Bahubal,Subdistrict,137402,167265,197997,219377
Habiganj,Baniachong,Subdistrict,235855,268623,332530,336548
Habiganj,Chunarughat,Subdistrict,233752,267056,302110,342289
Habiganj,Habiganj Sadar,Subdistrict,181946,220527,263695,306718
Habiganj,Lakhai,Subdistrict,110319,120677,148811,158717
Habiganj,Madhabpur,Subdistrict,250069,272578,319016,384243
Habiganj,Nabiganj,Subdistrict,246933,287030,345179,367385
Maulvibazar,Barlekha,Subdistrict,171801,200130,257620,282452
Maulvibazar,Juri,Subdistrict,105948,123514,148958,162572
Maulvibazar,Kamalganj,Subdistrict,191672,229648,259130,290108
Maulvibazar,Kulaura,Subdistrict,262598,305954,360195,397746
Maulvibazar,Maulvi Bazar Sadar,Subdistrict,239378,281593,342468,377962
Maulvibazar,Rajnagar,Subdistrict,174280,193303,232666,250806
Maulvibazar,Sreemangal,Subdistrict,230889,278232,318025,361801
Sunamganj,Bishwambarpur,Subdistrict,106182,126259,156381,190350
Sunamganj,Chhatak,Subdistrict,273153,334546,397642,445797
Sunamganj,Dakshin Sunamganj,Subdistrict,0,0,183881,229769
Sunamganj,Derai,Subdistrict,185284,202791,243690,253705
Sunamganj,Dharampasha,Subdistrict,164131,182969,223201,159381
Sunamganj,Dowarabazar,Subdistrict,157240,179201,228460,260513
Sunamganj,Jagannathpur,Subdistrict,188139,225271,259490,264198
Sunamganj,Jamalganj,Subdistrict,107771,138985,167260,185866
Sunamganj,Sulla,Subdistrict,89951,101288,113743,123567
Sunamganj,Sunamganj Sadar,Subdistrict,175940,219338,279019,318099
Sunamganj,Tahirpur,Subdistrict,133569,155188,215200,224853
Sylhet,Balaganj,Subdistrict,83499,97222,118873,123352
Sylhet,Beani Bazar,Subdistrict,181547,210673,253616,260603
Sylhet,Bishwanath,Subdistrict,169730,189775,232573,237213
Sylhet,Companiganj,Subdistrict,183351,214652,250579,301310
Sylhet,Companiganj,Subdistrict,85169,113784,174029,192350
Sylhet,Dakshin Surma,Subdistrict,160000,188673,253388,262787
Sylhet,Fenchuganj,Subdistrict,81605,95161,104741,114293
Sylhet,Golabganj,Subdistrict,229074,263945,316149,369833
Sylhet,Gowainghat,Subdistrict,169937,207170,287512,355979
Sylhet,Jaintiapur,Subdistrict,98270,121458,161744,200128
Sylhet,Kanaighat,Subdistrict,178654,216495,263969,317578
Sylhet,Sylhet Sadar,Subdistrict,177000,230589,349266,444914
Sylhet,Zakiganj,Subdistrict,174038,198399,237137,267317
